<?xml version="1.0"?>
<pagescount>
	<html_total>1</html_total>
	<html_done>1</html_done>
	<images/>
	<script>2</script>
	<css/>
	<pdf/>
	<documents/>
	<excel/>
	<powerpoint/>
	<flash/>
	<audios/>
	<videos/>
	<xml/>
	<json/>
	<txt/>
	<autocad/>
	<fonts/>
	<scraping_reload>1</scraping_reload>
	<is_pretty_url>false</is_pretty_url>
	<is_ebn>false</is_ebn>
	<email>nesibpro90@gmail.com</email>
	<theme_name>WmdTheme500940</theme_name>
	<server_url_front_page>https://www6.waybackmachinedownloader.com/wdo/files/demo/hosting.san.tc_nesibpro90_gmail.com_gahoy87atk/</server_url_front_page>
	<no_www_url>hosting.san.tc</no_www_url>
	<hosted_domain/>
	<original_archive_url>https://hosting.san.tc/</original_archive_url>
	<final_archive_url>https://hosting.san.tc/</final_archive_url>
	<front_page_code_date/>
	<total_urls_from_api/>
	<max_reached_live>false</max_reached_live>
	<scrape_other_captures>false</scrape_other_captures>
	<total_size>48</total_size>
</pagescount>
